id,name,degrees
红楼梦总字数为：713714；不重复字数为：4180
1,了,20975
2,的,15571
3,不,14410
4,一,11604
5,来,11150
6,道,11050
7,人,10277
8,是,9874
9,说,9535
10,我,8930
11,这,7599
12,他,7387
13,儿,6965
14,你,6950
15,着,6564
16,也,6008
17,去,5965
18,玉,5959
19,宝,5778
20,有,5771
21,个,5544
22,子,5367
23,里,5317
24,贾,5155
25,又,5055
26,那,4918
27,们,4843
28,见,4777
29,只,4559
30,太,4317
31,么,4071
32,好,4022
33,在,3904
34,笑,3877
35,家,3831
36,上,3764
37,便,3652
38,姐,3552
39,头,3486
40,就,3411
41,大,3365
42,得,3286
43,老,3228
44,听,3217
45,出,3135
46,回,3047
47,要,3006
48,知,2862
49,日,2828
50,下,2710
51,都,2653
52,心,2593
53,还,2520
54,事,2518
55,过,2515
56,起,2482
57,话,2444
58,叫,2433
59,二,2385
60,看,2354
61,自,2354
62,没,2311
63,到,2286
64,两,2173
65,如,2143
66,呢,2140
67,些,2127
68,母,2111
69,时,2093
70,今,2003
71,小,1982
72,问,1966
73,凤,1963
74,娘,1910
75,什,1900
76,因,1861
77,等,1825
78,才,1819
79,爷,1811
80,想,1796
81,忙,1758
82,可,1755
83,夫,1754
84,面,1739
85,之,1697
86,奶,1677
87,王,1640
88,和,1610
89,中,1592
90,打,1586
91,罢,1584
92,进,1527
93,倒,1480
94,姑,1418
95,几,1401
96,正,1372
97,黛,1369
98,天,1368
99,此,1359
100,吃,1346
101,给,1341
102,后,1339
103,样,1313
104,别,1271
105,无,1268
106,前,1241
107,为,1233
108,门,1226
109,走,1225
110,再,1222
111,然,1220
112,丫,1219
113,意,1211
114,怎,1211
115,袭,1195
116,妹,1187
117,外,1184
118,三,1176
119,众,1170
120,把,1149
121,气,1127
122,明,1125
123,身,1113
124,钗,1101
125,将,1097
126,多,1093
127,拿,1092
128,已,1091
129,以,1086
130,方,1071
131,坐,1064
132,生,1055
133,何,1036
134,用,1025
135,请,1020
136,做,1014
137,妈,1009
138,年,1009
139,手,1008
140,亲,1005
141,十,1004
142,春,996
143,发,979
144,政,977
145,薛,953
146,且,948
147,命,936
148,姨,931
149,花,929
150,平,907
151,瞧,900
152,边,900
153,住,897
154,所,896
155,己,891
156,先,887
157,原,886
158,琏,882
159,房,882
160,女,881
161,谁,874
162,处,873
163,管,869
164,会,849
165,送,839
166,死,824
167,东,815
168,告,812
169,连,806
170,西,802
171,早,798
172,往,784
173,怕,780
174,应,779
175,内,779
176,带,778
177,香,770
178,月,768
179,分,767
180,至,756
181,若,751
182,必,746
183,却,742
184,口,739
185,声,738
186,四,738
187,点,737
188,从,736
189,放,733
190,虽,729
191,当,719
192,能,705
193,安,704
194,眼,703
195,云,701
196,敢,700
197,哥,698
198,未,681
199,红,675
200,喜,674
201,理,668
202,李,665
203,作,661
204,地,661
205,开,660
206,难,656
207,金,654
208,真,647
209,跟,646
210,病,646
211,书,643
212,情,637
213,与,635
214,句,627
215,官,626
216,咱,621
217,字,620
218,诉,619
219,成,617
220,哭,607
221,半,605
222,屋,604
223,湘,595
224,酒,594
225,更,591
226,银,591
227,并,589
228,白,589
229,婆,588
230,言,586
231,向,586
232,竟,586
233,园,582
234,各,577
235,觉,573
236,府,563
237,五,561
238,紫,557
239,使,544
240,钱,543
241,定,542
242,答,528
243,林,526
244,主,525
245,件,525
246,少,522
247,珍,520
248,经,518
249,名,515
250,快,514
251,闹,514
252,探,510
253,于,507
254,脸,502
255,该,502
256,睡,501
257,行,495
258,比,493
259,氏,484
260,或,483
261,同,482
262,茶,474
263,接,473
264,夜,472
265,而,468
266,找,467
267,饭,464
268,细,461
269,常,461
270,妇,457
271,果,456
272,尤,441
273,风,440
274,鹃,440
275,衣,439
276,底,438
277,间,435
278,干,431
279,鸳,429
280,相,429
281,张,428
282,候,426
283,语,426
284,鸯,422
285,故,422
286,忽,416
287,神,413
288,悄,413
289,本,413
290,急,413
291,动,409
292,喝,407
293,完,405
294,邢,402
295,思,400
296,但,398
297,次,396
298,既,393
299,拉,391
300,算,391
301,解,390
302,长,388
303,色,387
304,玩,386
305,纨,384
306,水,379
307,赶,377
308,孩,377
309,劝,376
310,入,372
311,提,371
312,依,371
313,媳,368
314,收,368
315,院,366
316,晚,366
317,信,365
318,晴,364
319,像,362
320,似,360
321,越,359
322,许,358
323,念,351
324,嘴,350
325,雯,348
326,站,344
327,父,342
328,世,340
329,其,339
330,冷,339
331,对,336
332,素,336
333,留,335
334,弟,334
335,百,334
336,者,333
337,泪,333
338,周,330
339,取,330
340,清,329
341,散,326
342,求,326
343,照,326
344,兴,324
345,诗,323
346,写,323
347,学,322
348,秋,321
349,实,321
350,性,317
351,菱,317
352,弄,313
353,法,312
354,兄,312
355,刚,312
356,第,310
357,蓉,308
358,旧,308
359,刘,308
360,巧,308
361,尚,308
362,及,308
363,偏,307
364,—,307
365,礼,307
366,蟠,305
367,新,304
368,合,304
369,歇,302
370,瑞,301
371,迎,301
372,药,299
373,昨,297
374,替,295
375,惜,294
376,雨,294
377,轻,293
378,孝,293
379,肯,292
380,况,291
381,满,290
382,位,290
383,侍,289
384,物,289
385,尽,288
386,欢,286
387,皆,286
388,雪,285
389,毕,283
390,传,282
391,每,282
392,岂,281
393,闲,281
394,反,281
395,受,281
396,近,280
397,随,279
398,爱,278
399,乱,277
400,让,277
401,办,276
402,苦,274
403,高,273
404,公,273
405,嬷,272
406,领,271
407,穿,271
408,很,270
409,光,266
410,现,265
411,怪,265
412,记,264
413,般,264
414,八,264
415,待,264
416,文,263
417,认,263
418,则,263
419,咐,262
420,被,262
421,仍,261
422,空,260
423,荣,257
424,恐,256
425,伤,255
426,落,255
427,村,253
428,服,253
429,重,252
430,曾,252
431,芳,251
432,陪,250
433,备,247
434,山,247
435,齐,246
436,叔,246
437,静,246
438,妙,246
439,骂,245
440,跑,244
441,疼,244
442,令,244
443,远,243
444,混,242
445,包,242
446,赏,240
447,麝,240
448,环,239
449,厮,237
450,叹,236
451,戏,235
452,芸,233
453,祖,233
454,交,232
455,即,229
456,彩,226
457,养,226
458,遂,226
459,千,225
460,古,224
461,亦,224
462,石,222
463,闻,221
464,景,221
465,舅,221
466,热,221
467,寻,220
468,容,220
469,路,220
470,活,219
471,略,219
472,忘,219
473,料,217
474,直,217
475,流,217
476,桂,216
477,总,216
478,杯,216
479,愿,215
480,赦,215
481,马,214
482,嫂,212
483,秦,212
484,灯,210
485,全,210
486,赖,210
487,指,209
488,非,209
489,刻,209
490,转,208
491,闷,208
492,立,208
493,贵,207
494,仙,206
495,怨,205
496,首,205
497,紧,204
498,士,204
499,烟,204
500,画,204
501,乐,202
502,钟,202
503,欲,201
504,强,201
505,省,200
506,呆,200
507,甚,200
508,鬟,200
509,量,199
510,谢,198
511,论,198
512,恩,197
513,赵,197
514,伏,197
515,车,196
516,琴,195
517,体,195
518,糊,192
519,买,191
520,柳,191
521,万,191
522,派,190
523,罪,190
524,免,189
525,吩,189
526,胡,188
527,失,188
528,孙,188
529,灵,188
530,洗,187
531,奇,187
532,商,185
533,鬼,184
534,席,184
535,悲,184
536,慢,184
537,极,183
538,种,183
539,错,183
540,宁,183
541,惊,182
542,宗,181
543,抱,181
544,脚,180
545,窗,179
546,旁,178
547,息,177
548,渐,177
549,教,176
550,独,175
551,梦,175
552,场,174
553,块,173
554,端,172
555,最,172
556,复,172
557,妃,172
558,顾,171
559,司,171
560,亏,171
561,背,171
562,裳,171
563,目,170
564,单,170
565,断,170
566,凡,169
567,议,169
568,青,169
569,醒,168
570,净,168
571,火,168
572,添,168
573,奴,168
574,珠,168
575,兰,166
576,海,166
577,趣,166
578,系,166
579,遇,165
580,婶,165
581,步,164
582,报,164
583,男,164
584,雁,164
585,俗,163
586,递,163
587,唤,163
588,疑,163
589,拾,163
590,微,162
591,望,162
592,摆,162
593,通,161
594,唬,161
595,换,161
596,炕,160
597,岁,160
598,吗,160
599,查,159
600,南,159
601,终,159
602,俱,159
603,茗,159
604,涂,158
605,保,158
606,碗,158
607,倘,157
608,感,157
609,题,157
610,调,157
611,工,156
612,床,154
613,离,154
614,由,154
615,数,154
616,恼,153
617,关,152
618,烦,152
619,恨,152
620,配,151
621,禁,150
622,引,150
623,娶,150
624,京,149
625,扶,148
626,国,148
627,够,148
628,佛,147
629,假,146
630,丢,146
631,偷,146
632,预,146
633,治,146
634,六,145
635,托,145
636,堂,145
637,七,145
638,推,145
639,任,144
640,盘,144
641,莺,143
642,止,143
643,桌,143
644,翠,143
645,顺,143
646,纹,142
647,辞,142
648,飞,142
649,侄,142
650,幸,141
651,害,140
652,按,140
653,致,140
654,嚷,139
655,加,139
656,宫,139
657,九,139
658,纸,138
659,遍,138
660,归,138
661,纪,137
662,隐,137
663,草,137
664,深,137
665,趁,137
666,计,137
667,吓,136
668,敬,136
669,设,136
670,逛,136
671,暗,136
672,帐,135
673,姊,135
674,莲,135
675,馀,135
676,拜,134
677,抬,134
678,造,134
679,跪,134
680,化,134
681,退,133
682,精,133
683,怜,133
684,须,132
685,守,132
686,力,131
687,另,131
688,客,131
689,初,131
690,易,131
691,乃,131
692,结,130
693,差,130
694,利,129
695,改,129
696,讲,129
697,诸,128
698,城,128
699,帘,128
700,黄,127
701,根,127
702,破,127
703,戚,127
704,代,127
705,甄,126
706,虚,126
707,番,125
708,横,125
709,遭,125
710,妥,125
711,翻,125
712,监,125
713,史,124
714,烧,124
715,北,123
716,角,123
717,朝,123
718,铺,123
719,露,122
720,哄,122
721,忍,121
722,辈,121
723,顿,121
724,跳,121
725,异,120
726,笔,120
727,捧,120
728,低,120
729,蟾,119
730,条,118
731,索,117
732,棋,117
733,友,116
734,足,116
735,委,116
736,共,115
737,装,115
738,绝,115
739,费,115
740,舍,114
741,剩,114
742,支,113
743,枝,113
744,阴,113
745,缘,113
746,称,113
747,除,113
748,赌,112
749,磕,112
750,福,112
751,寒,112
752,痛,112
753,饮,111
754,元,111
755,承,111
756,汤,111
757,贼,110
758,木,110
759,度,110
760,供,110
761,犯,109
762,摇,109
763,节,109
764,巴,109
765,医,109
766,嫌,109
767,奈,109
768,变,108
769,观,108
770,钏,108
771,久,108
772,怀,108
773,美,108
774,势,108
775,伺,108
776,迟,108
777,慌,107
778,犹,107
779,斗,107
780,封,107
781,讨,106
782,魂,106
783,短,106
784,惟,106
785,楼,106
786,焙,106
787,轿,106
788,牌,105
789,含,104
790,借,104
791,私,104
792,竖,104
793,值,104
794,蝌,104
795,蔷,104
796,撒,104
797,屈,103
798,凭,103
799,痴,103
800,联,103
801,唱,103
802,妻,102
803,招,102
804,猜,102
805,搁,102
806,游,102
807,卖,102
808,歹,102
809,嘻,101
810,旺,101
811,怡,101
812,耳,101
813,奉,101
814,善,100
815,师,100
816,词,100
817,挂,100
818,负,99
819,隔,99
820,树,99
821,庙,98
822,暂,98
823,锦,98
824,读,97
825,举,97
826,试,97
827,拣,97
828,音,97
829,燕,97
830,究,97
831,菜,96
832,影,96
833,姓,96
834,碰,96
835,厅,96
836,登,96
837,坏,96
838,庵,96
839,概,96
840,绣,95
841,挑,95
842,垂,95
843,妨,95
844,愁,95
845,折,94
846,岫,94
847,躺,94
848,旨,94
849,冯,94
850,套,94
851,形,94
852,妆,93
853,华,93
854,傻,93
855,线,93
856,例,93
857,味,93
858,罚,93
859,斟,93
860,谈,92
861,叶,92
862,躲,92
863,临,91
864,功,91
865,贴,91
866,寿,91
867,左,91
868,台,91
869,皮,91
870,掩,91
871,嘱,90
872,英,89
873,羞,89
874,帖,89
875,尝,89
876,潇,89
877,仗,88
878,脱,88
879,纱,88
880,误,88
881,馆,88
882,彼,88
883,社,88
884,补,88
885,粉,88
886,抄,88
887,停,87
888,绿,87
889,懒,87
890,约,87
891,针,87
892,掌,87
893,板,86
894,案,86
895,嫁,86
896,摸,86
897,眉,85
898,绢,85
899,准,85
900,务,85
901,径,85
902,伸,85
903,血,84
904,食,84
905,拍,84
906,薄,84
907,墨,84
908,阳,84
909,扇,84
910,盆,83
911,藏,83
912,识,83
913,梳,83
914,油,83
915,祭,82
916,响,82
917,撞,82
918,昏,82
919,盖,82
920,居,82
921,饶,82
922,遣,81
923,纵,81
924,丧,81
925,机,81
926,靠,81
927,兮,81
928,双,81
929,肉,81
930,莫,81
931,慰,81
932,修,80
933,竹,80
934,阵,80
935,骨,80
936,嗳,79
937,拦,79
938,阁,79
939,凑,79
940,屏,79
941,部,79
942,帮,79
943,执,79
944,凉,78
945,醉,78
946,劳,78
947,防,78
948,尊,78
949,梅,78
950,德,78
951,央,78
952,架,77
953,规,77
954,班,77
955,菊,77
956,偶,77
957,软,77
958,富,76
959,恰,76
960,搭,76
961,咽,76
962,据,76
963,墙,76
964,镜,76
965,圣,76
966,怔,76
967,仁,76
968,鲜,76
969,鸡,76
970,良,75
971,盛,75
972,土,75
973,特,75
974,黑,75
975,罗,75
976,惯,75
977,庄,74
978,箱,74
979,悔,74
980,宽,74
981,操,74
982,瞅,74
983,枕,74
984,族,74
985,曲,74
986,胆,74
987,右,73
988,娇,73
989,业,73
990,呀,73
991,盒,73
992,毛,73
993,懂,73
994,参,73
995,疯,73
996,衙,73
997,伙,73
998,乡,73
999,表,72
1000,消,72
1001,撂,72
1002,吟,72
1003,韵,72
1004,吹,72
1005,围,72
1006,牙,72
1007,腰,72
1008,切,72
1009,避,71
1010,舌,71
1011,笼,71
1012,啊,71
1013,掷,71
1014,吵,71
1015,升,70
1016,片,70
1017,桃,70
1018,乎,70
1019,挨,70
1020,搬,70
1021,汗,70
1022,章,70
1023,历,70
1024,宜,69
1025,整,69
1026,廊,69
1027,丰,69
1028,夹,68
1029,伴,68
1030,雅,68
1031,夏,68
1032,睛,67
1033,藕,67
1034,穷,67
1035,编,67
1036,催,67
1037,迹,67
1038,歪,67
1039,暖,67
1040,惹,67
1041,僧,66
1042,模,66
1043,戴,66
1044,啐,66
1045,椅,66
1046,温,66
1047,品,66
1048,幻,65
1049,兼,65
1050,恍,65
1051,矩,65
1052,扯,65
1053,松,65
1054,皇,65
1055,槛,65
1056,压,65
1057,痕,64
1058,尘,64
1059,争,64
1060,扫,64
1061,撵,64
1062,账,64
1063,赞,64
1064,抢,64
1065,益,64
1066,龙,64
1067,逼,63
1068,救,63
1069,芹,63
1070,沉,63
1071,铁,63
1072,户,63
1073,缕,63
1074,君,62
1075,臊,62
1076,哟,62
1077,熟,62
1078,星,62
1079,胜,62
1080,层,62
1081,职,62
1082,弱,62
1083,街,62
1084,限,62
1085,蒙,61
1086,脉,61
1087,野,61
1088,窝,61
1089,披,61
1090,淡,61
1091,杀,61
1092,耽,61
1093,脑,61
1094,抹,61
1095,鼓,61
1096,瓶,60
1097,疏,60
1098,搜,60
1099,酸,60
1100,抽,60
1101,丝,60
1102,乏,60
1103,寺,60
1104,奏,59
1105,勇,59
1106,厨,59
1107,吐,59
1108,迷,59
1109,项,59
1110,雀,59
1111,咧,59
1112,粗,59
1113,赔,58
1114,县,58
1115,狠,58
1116,船,58
1117,杂,58
1118,禀,58
1119,典,58
1120,锁,58
1121,邪,58
1122,谎,57
1123,袄,57
1124,投,57
1125,鲍,57
1126,吊,57
1127,嗽,57
1128,眷,57
1129,灰,57
1130,册,57
1131,团,57
1132,图,57
1133,荷,57
1134,儒,57
1135,护,56
1136,琥,56
1137,察,56
1138,颜,56
1139,顶,56
1140,坠,56
1141,掉,56
1142,珀,56
1143,圈,56
1144,叙,56
1145,尼,56
1146,夺,56
1147,制,56
1148,肠,56
1149,愈,56
1150,冤,55
1151,碍,55
1152,聚,55
1153,冒,55
1154,亭,55
1155,巾,55
1156,喊,55
1157,揭,55
1158,瞒,55
1159,溜,55
1160,室,54
1161,漱,54
1162,州,54
1163,泥,54
1164,视,54
1165,咕,54
1166,霞,54
1167,缠,54
1168,惦,54
1169,睁,54
1170,拘,54
1171,塌,54
1172,器,54
1173,倚,53
1174,缎,53
1175,惚,53
1176,期,53
1177,副,53
1178,抓,53
1179,脂,53
1180,霜,53
1181,勉,52
1182,傍,52
1183,警,52
1184,阶,52
1185,欺,52
1186,排,52
1187,默,52
1188,择,52
1189,亮,52
1190,棠,52
1191,施,52
1192,榻,52
1193,卧,51
1194,堆,51
1195,累,51
1196,恶,51
1197,貌,51
1198,诧,51
1199,悬,51
1200,袖,51
1201,携,51
1202,输,51
1203,扎,51
1204,炉,50
1205,怒,50
1206,圆,50
1207,佳,50
1208,妖,50
1209,卷,50
1210,持,49
1211,专,49
1212,挪,49
1213,号,49
1214,刀,49
1215,罕,49
1216,腿,49
1217,厚,49
1218,米,49
1219,篇,49
1220,杏,49
1221,爬,49
1222,座,49
1223,狗,49
1224,惑,49
1225,耍,48
1226,晌,48
1227,贤,48
1228,症,48
1229,忧,48
1230,碧,48
1231,仔,48
1232,检,48
1233,辛,48
1234,袋,48
1235,呈,48
1236,田,48
1237,孤,48
1238,勾,48
1239,拐,48
1240,楚,47
1241,义,47
1242,呼,47
1243,拟,47
1244,池,47
1245,效,47
1246,货,47
1247,江,47
1248,弥,47
1249,幼,47
1250,述,47
1251,枉,47
1252,午,47
1253,壁,47
1254,泣,46
1255,孽,46
1256,陵,46
1257,欠,46
1258,裁,46
1259,仪,46
1260,证,46
1261,伶,46
1262,剪,46
1263,聪,46
1264,休,46
1265,纳,46
1266,运,46
1267,亡,46
1268,陈,46
1269,裙,46
1270,贫,46
1271,搀,46
1272,桐,45
1273,群,45
1274,阿,45
1275,洋,45
1276,熬,45
1277,闺,45
1278,统,45
1279,宅,45
1280,插,45
1281,脾,45
1282,吉,45
1283,仰,45
1284,赐,45
1285,置,45
1286,严,45
1287,硬,44
1288,宴,44
1289,咬,44
1290,役,44
1291,歌,44
1292,侯,44
1293,丸,44
1294,段,44
1295,倪,44
1296,尸,44
1297,扮,44
1298,淘,44
1299,啼,44
1300,爽,44
1301,示,44
1302,簪,44
1303,智,43
1304,移,43
1305,晓,43
1306,滚,43
1307,埋,43
1308,婿,43
1309,贺,43
1310,匾,43
1311,肚,43
1312,拭,43
1313,扬,43
1314,奔,43
1315,密,43
1316,匹,43
1317,存,43
1318,习,43
1319,评,43
1320,沿,43
1321,盏,43
1322,飘,43
1323,减,43
1324,挽,43
1325,宿,43
1326,类,43
1327,祟,43
1328,残,43
1329,材,43
1330,寂,42
1331,担,42
1332,伯,42
1333,败,42
1334,冲,42
1335,荒,42
1336,占,42
1337,倍,42
1338,程,42
1339,毒,42
1340,饰,42
1341,朋,42
1342,签,41
1343,禄,41
1344,献,41
1345,矣,41
1346,斤,41
1347,荡,41
1348,撕,41
1349,扭,41
1350,胎,41
1351,虎,41
1352,蘅,41
1353,寄,41
1354,蕙,41
1355,厌,41
1356,壶,41
1357,饿,41
1358,透,41
1359,魄,41
1360,丹,41
1361,咳,41
1362,讪,41
1363,绫,41
1364,覆,40
1365,蹄,40
1366,境,40
1367,滴,40
1368,褥,40
1369,遗,40
1370,碟,40
1371,布,40
1372,曰,40
1373,冰,40
1374,启,40
1375,绵,40
1376,擦,40
1377,固,40
1378,河,40
1379,塞,40
1380,蕊,40
1381,疾,40
1382,哀,40
1383,狐,40
1384,勤,40
1385,烂,40
1386,焚,40
1387,挣,40
1388,瓜,40
1389,鞋,40
1390,访,39
1391,喘,39
1392,鱼,39
1393,烛,39
1394,叠,39
1395,堪,39
1396,妾,39
1397,款,39
1398,乖,39
1399,菩,39
1400,财,39
1401,赎,39
1402,粮,39
1403,艳,39
1404,汉,39
1405,怄,39
1406,志,39
1407,耐,39
1408,痰,39
1409,激,39
1410,导,39
1411,吴,39
1412,腾,39
1413,绮,38
1414,殡,38
1415,泼,38
1416,栏,38
1417,浑,38
1418,弹,38
1419,辉,38
1420,逢,38
1421,匣,38
1422,属,38
1423,济,38
1424,悟,38
1425,秀,38
1426,嚼,38
1427,砚,38
1428,拈,38
1429,豆,38
1430,额,38
1431,肝,38
1432,掀,38
1433,陀,38
1434,庭,37
1435,鼻,37
1436,碎,37
1437,愧,37
1438,攒,37
1439,审,37
1440,唧,37
1441,怠,37
1442,唐,37
1443,仆,37
1444,呜,37
1445,忠,37
1446,砸,37
1447,柔,37
1448,武,37
1449,拌,37
1450,绸,36
1451,沾,36
1452,员,36
1453,叨,36
1454,毡,36
1455,御,36
1456,郎,36
1457,始,36
1458,桥,36
1459,显,36
1460,赤,36
1461,萨,36
1462,昔,36
1463,梨,36
1464,违,36
1465,摔,36
1466,捆,36
1467,乘,36
1468,寸,36
1469,葬,35
1470,瞪,35
1471,翁,35
1472,弃,35
1473,粥,35
1474,象,35
1475,格,35
1476,腹,35
1477,降,35
1478,课,35
1479,绕,35
1480,追,35
1481,慈,35
1482,串,35
1483,产,35
1484,狂,35
1485,骑,35
1486,芦,35
1487,牛,35
1488,苏,35
1489,捶,35
1490,叩,35
1491,染,34
1492,稀,34
1493,式,34
1494,唆,34
1495,拆,34
1496,选,34
1497,助,34
1498,络,34
1499,耗,34
1500,灌,34
1501,验,34
1502,浪,34
1503,盗,34
1504,威,34
1505,零,34
1506,恭,34
1507,焦,34
1508,训,34
1509,幽,34
1510,斋,34
1511,演,34
1512,洒,34
1513,殿,34
1514,弯,34
1515,诊,34
1516,…,34
1517,采,34
1518,磨,34
1519,辆,33
1520,蒋,33
1521,民,33
1522,钻,33
1523,逃,33
1524,咏,33
1525,符,33
1526,钓,33
1527,股,33
1528,芜,33
1529,乌,33
1530,抚,33
1531,冠,32
1532,稻,32
1533,速,32
1534,祸,32
1535,冬,32
1536,漆,32
1537,腌,32
1538,局,32
1539,肩,32
1540,续,32
1541,猩,32
1542,劫,32
1543,鼠,32
1544,军,32
1545,权,32
1546,魔,32
1547,羊,32
1548,嗔,32
1549,扑,32
1550,凶,32
1551,辜,31
1552,谓,31
1553,轮,31
1554,俊,31
1555,积,31
1556,洞,31
1557,考,31
1558,盼,31
1559,猛,31
1560,辰,31
1561,挺,31
1562,鸟,31
1563,哈,31
1564,俐,31
1565,谨,30
1566,朱,30
1567,舞,30
1568,贱,30
1569,佩,30
1570,具,30
1571,状,30
1572,责,30
1573,沁,30
1574,抿,30
1575,稍,30
1576,贪,30
1577,娼,30
1578,坛,30
1579,侧,30
1580,某,30
1581,禅,30
1582,鸾,30
1583,揖,30
1584,蟹,30
1585,熙,30
1586,井,30
1587,朵,29
1588,醋,29
1589,态,29
1590,末,29
1591,稳,29
1592,瞎,29
1593,媒,29
1594,煎,29
1595,铰,29
1596,婚,29
1597,注,29
1598,颦,29
1599,列,29
1600,栊,29
1601,诚,29
1602,箸,29
1603,倦,29
1604,剑,29
1605,姻,29
1606,熏,29
1607,蕉,29
1608,摘,29
1609,胭,28
1610,纷,28
1611,遮,28
1612,束,28
1613,忒,28
1614,函,28
1615,谕,28
1616,闭,28
1617,扣,28
1618,揉,28
1619,蜡,28
1620,卿,28
1621,旦,28
1622,射,28
1623,夸,28
1624,剂,28
1625,坟,28
1626,吁,28
1627,填,27
1628,舒,27
1629,甜,27
1630,膏,27
1631,棺,27
1632,夕,27
1633,捱,27
1634,坡,27
1635,腔,27
1636,祠,27
1637,聘,27
1638,唇,27
1639,尾,27
1640,轩,27
1641,猴,27
1642,怯,27
1643,忌,27
1644,鹤,27
1645,咒,27
1646,烫,27
1647,吾,27
1648,灭,27
1649,雕,27
1650,缝,27
1651,郡,27
1652,檐,27
1653,标,27
1654,哼,27
1655,骰,27
1656,载,27
1657,踪,26
1658,宋,26
1659,媚,26
1660,缓,26
1661,挤,26
1662,尺,26
1663,驾,26
1664,掐,26
1665,虑,26
1666,誓,26
1667,蹲,26
1668,芙,26
1669,延,26
1670,晕,26
1671,榭,26
1672,洁,26
1673,愚,26
1674,赋,26
1675,展,26
1676,拳,26
1677,浮,26
1678,律,26
1679,释,26
1680,界,25
1681,膝,25
1682,雷,25
1683,璃,25
1684,邀,25
1685,悦,25
1686,驳,25
1687,鼎,25
1688,腮,25
1689,衔,25
1690,觅,25
1691,昭,25
1692,凄,25
1693,拔,25
1694,脖,25
1695,奁,25
1696,惧,25
1697,掏,25
1698,螃,25
1699,尔,25
1700,冻,25
1701,搂,25
1702,拨,25
1703,丁,25
1704,臣,25
1705,孔,25
1706,允,25
1707,斯,25
1708,批,25
1709,丈,24
1710,浅,24
1711,厢,24
1712,褂,24
1713,妄,24
1714,棚,24
1715,赢,24
1716,较,24
1717,忖,24
1718,胸,24
1719,悠,24
1720,遥,24
1721,虫,24
1722,柩,24
1723,妒,24
1724,荐,24
1725,丽,24
1726,录,24
1727,籍,24
1728,苍,24
1729,搅,24
1730,希,24
1731,绛,24
1732,蛋,24
1733,俏,24
1734,袱,24
1735,罩,24
1736,庶,24
1737,详,24
1738,柴,23
1739,牵,23
1740,茫,23
1741,诰,23
1742,哪,23
1743,庆,23
1744,营,23
1745,隆,23
1746,稿,23
1747,跌,23
1748,秉,23
1749,蠢,23
1750,齿,23
1751,耶,23
1752,柜,23
1753,雇,23
1754,踢,23
1755,泉,23
1756,鬓,23
1757,际,23
1758,衰,23
1759,拥,23
1760,达,23
1761,酬,23
1762,库,23
1763,押,23
1764,壮,23
1765,寡,23
1766,仇,23
1767,帕,23
1768,恕,23
1769,趟,23
1770,浓,22
1771,裹,22
1772,卯,22
1773,坊,22
1774,衾,22
1775,煞,22
1776,鹿,22
1777,猫,22
1778,肃,22
1779,詹,22
1780,帝,22
1781,眠,22
1782,梁,22
1783,杨,22
1784,尖,22
1785,战,22
1786,腻,22
1787,兜,22
1788,玻,22
1789,革,22
1790,谋,22
1791,勒,22
1792,踏,22
1793,篱,22
1794,漏,22
1795,忿,22
1796,僻,22
1797,永,22
1798,凝,22
1799,质,22
1800,巡,22
1801,鸦,22
1802,慕,22
1803,辩,22
1804,克,22
1805,困,22
1806,慎,22
1807,捉,22
1808,序,22
1809,充,22
1810,刑,22
1811,谅,22
1812,辱,22
1813,龄,22
1814,繁,22
1815,岸,21
1816,销,21
1817,滑,21
1818,霸,21
1819,焉,21
1820,斜,21
1821,筋,21
1822,揽,21
1823,灾,21
1824,昼,21
1825,障,21
1826,卦,21
1827,兵,21
1828,舟,21
1829,截,21
1830,痒,21
1831,盥,21
1832,镇,21
1833,谦,21
1834,拴,21
1835,突,21
1836,刺,21
1837,襟,21
1838,甥,21
1839,集,21
1840,继,21
1841,簇,21
1842,逐,21
1843,决,21
1844,阔,21
1845,颤,21
1846,鹅,21
1847,基,21
1848,瘦,21
1849,筵,21
1850,鹦,21
1851,晨,21
1852,赚,21
1853,裤,20
1854,晶,20
1855,宦,20
1856,钉,20
1857,浊,20
1858,沙,20
1859,坎,20
1860,附,20
1861,荆,20
1862,跺,20
1863,宾,20
1864,梢,20
1865,烈,20
1866,蝶,20
1867,绪,20
1868,吆,20
1869,酌,20
1870,践,20
1871,童,20
1872,靴,20
1873,碌,20
1874,讹,20
1875,狭,20
1876,饥,20
1877,畏,20
1878,扔,20
1879,嘉,20
1880,阻,20
1881,润,20
1882,幕,20
1883,促,20
1884,癫,20
1885,顽,20
1886,贝,20
1887,惭,20
1888,棍,20
1889,傅,20
1890,玄,20
1891,寝,20
1892,笛,20
1893,超,20
1894,鸭,20
1895,徒,19
1896,郁,19
1897,撤,19
1898,栽,19
1899,砌,19
1900,宵,19
1901,嫩,19
1902,戳,19
1903,卸,19
1904,羡,19
1905,箭,19
1906,巍,19
1907,廷,19
1908,铜,19
1909,麟,19
1910,湿,19
1911,呵,19
1912,吏,19
1913,缀,19
1914,塾,19
1915,篷,19
1916,抛,19
1917,哝,19
1918,揣,19
1919,猪,19
1920,朗,19
1921,建,19
1922,余,19
1923,蜂,19
1924,刁,19
1925,享,19
1926,泄,19
1927,店,19
1928,宣,19
1929,诌,19
1930,匙,19
1931,丑,19
1932,捏,19
1933,茜,19
1934,讳,19
1935,蝉,19
1936,污,19
1937,判,19
1938,颗,19
1939,爹,19
1940,吞,19
1941,付,19
1942,奠,19
1943,博,18
1944,率,18
1945,堵,18
1946,枯,18
1947,敷,18
1948,屁,18
1949,价,18
1950,橘,18
1951,姬,18
1952,杜,18
1953,租,18
1954,寞,18
1955,麒,18
1956,阅,18
1957,触,18
1958,厦,18
1959,葫,18
1960,危,18
1961,逸,18
1962,垫,18
1963,柱,18
1964,聊,18
1965,波,18
1966,裘,18
1967,抖,18
1968,哽,18
1969,蓬,18
1970,疆,18
1971,谜,18
1972,溺,18
1973,峰,18
1974,甘,18
1975,竿,18
1976,玫,17
1977,藤,17
1978,瑰,17
1979,筒,17
1980,耀,17
1981,拖,17
1982,毫,17
1983,绦,17
1984,擅,17
1985,赴,17
1986,庚,17
1987,忆,17
1988,絮,17
1989,乍,17
1990,苓,17
1991,卜,17
1992,乳,17
1993,艰,17
1994,娥,17
1995,逝,17
1996,敲,17
1997,囊,17
1998,闪,17
1999,挥,17
2000,曹,17
2001,甲,17
2002,皱,17
2003,惠,17
2004,测,17
2005,圃,17
2006,苔,17
2007,臭,17
2008,颠,17
2009,唠,17
2010,嗤,17
2011,呸,17
2012,源,17
2013,膀,17
2014,屉,16
2015,糕,16
2016,缩,16
2017,赘,16
2018,殷,16
2019,磁,16
2020,幅,16
2021,戒,16
2022,击,16
2023,赃,16
2024,漫,16
2025,茄,16
2026,殓,16
2027,喇,16
2028,掣,16
2029,锄,16
2030,馔,16
2031,鞭,16
2032,洲,16
2033,埂,16
2034,否,16
2035,鸣,16
2036,申,16
2037,惨,16
2038,绳,16
2039,债,16
2040,幔,16
2041,镯,16
2042,叮,16
2043,弦,16
2044,揪,16
2045,票,16
2046,诵,16
2047,狼,16
2048,暴,16
2049,偿,16
2050,筹,16
2051,祝,16
2052,拄,16
2053,萧,16
2054,沏,16
2055,杖,16
2056,硝,16
2057,炼,16
2058,撩,16
2059,映,15
2060,鉴,15
2061,拂,15
2062,祥,15
2063,亩,15
2064,俭,15
2065,蓼,15
2066,嘲,15
2067,炮,15
2068,悉,15
2069,饼,15
2070,凿,15
2071,欣,15
2072,檀,15
2073,羽,15
2074,搪,15
2075,握,15
2076,赠,15
2077,丛,15
2078,胞,15
2079,兔,15
2080,馒,15
2081,炭,15
2082,蟒,15
2083,旗,15
2084,穗,15
2085,哦,15
2086,喷,15
2087,拗,15
2088,肥,15
2089,渡,15
2090,匠,15
2091,舀,15
2092,倾,15
2093,藩,15
2094,麻,15
2095,拚,15
2096,织,15
2097,嚎,15
2098,拧,15
2099,琪,15
2100,瓦,15
2101,姜,15
2102,盂,15
2103,寅,15
2104,爵,15
2105,粘,15
2106,钦,15
2107,佑,14
2108,蠲,14
2109,乞,14
2110,恳,14
2111,茯,14
2112,广,14
2113,[,14
2114,盐,14
2115,锞,14
2116,],14
2117,浇,14
2118,妞,14
2119,魁,14
2120,暮,14
2121,荔,14
2122,缸,14
2123,屯,14
2124,茅,14
2125,矮,14
2126,姿,14
2127,暇,14
2128,嘟,14
2129,荫,14
2130,掖,14
2131,隙,14
2132,蔬,14
2133,苇,14
2134,兢,14
2135,印,14
2136,钩,14
2137,逗,14
2138,掇,14
2139,蒸,14
2140,牡,14
2141,躁,14
2142,爻,14
2143,笺,14
2144,契,14
2145,恋,14
2146,肿,14
2147,获,14
2148,炒,14
2149,坑,14
2150,割,14
2151,葱,14
2152,扰,14
2153,攻,14
2154,筝,14
2155,盹,14
2156,遵,14
2157,涕,14
2158,迁,13
2159,嵌,13
2160,兆,13
2161,陆,13
2162,笠,13
2163,喉,13
2164,蒲,13
2165,庇,13
2166,阎,13
2167,驱,13
2168,瓣,13
2169,纤,13
2170,炸,13
2171,蓝,13
2172,剥,13
2173,晦,13
2174,腊,13
2175,箫,13
2176,崽,13
2177,谣,13
2178,镶,13
2179,胶,13
2180,薇,13
2181,窑,13
2182,烘,13
2183,酥,13
2184,咚,13
2185,煌,13
2186,腥,13
2187,绰,13
2188,绊,13
2189,骗,13
2190,返,13
2191,夭,13
2192,挡,13
2193,伞,13
2194,险,13
2195,途,13
2196,泡,13
2197,杆,13
2198,岔,13
2199,缺,13
2200,芍,13
2201,帽,13
2202,奢,13
2203,恒,13
2204,萝,13
2205,琼,13
2206,汝,13
2207,市,13
2208,乩,13
2209,劲,13
2210,娌,12
2211,呱,12
2212,增,12
2213,迭,12
2214,泻,12
2215,资,12
2216,糖,12
2217,夯,12
2218,沐,12
2219,谱,12
2220,葛,12
2221,汪,12
2222,摩,12
2223,琐,12
2224,绡,12
2225,适,12
2226,褪,12
2227,婢,12
2228,谤,12
2229,劈,12
2230,胀,12
2231,祀,12
2232,敛,12
2233,措,12
2234,掸,12
2235,奸,12
2236,谏,12
2237,肺,12
2238,毁,12
2239,袜,12
2240,辣,12
2241,撇,12
2242,术,12
2243,泛,12
2244,豁,12
2245,螺,12
2246,暑,12
2247,勋,12
2248,旷,12
2249,俞,12
2250,槽,12
2251,董,12
2252,奖,12
2253,睦,12
2254,薨,12
2255,剔,12
2256,履,12
2257,妯,12
2258,巷,12
2259,钥,12
2260,优,12
2261,渊,11
2262,玲,11
2263,寓,11
2264,鲛,11
2265,惶,11
2266,旋,11
2267,噎,11
2268,宇,11
2269,殊,11
2270,株,11
2271,弊,11
2272,帚,11
2273,寇,11
2274,捣,11
2275,塑,11
2276,溪,11
2277,棒,11
2278,笋,11
2279,哧,11
2280,萍,11
2281,朦,11
2282,涨,11
2283,逞,11
2284,撑,11
2285,臂,11
2286,叉,11
2287,撮,11
2288,兽,11
2289,畔,11
2290,豪,11
2291,潜,11
2292,虔,11
2293,舆,11
2294,偈,11
2295,鄙,11
2296,兑,11
2297,描,11
2298,怏,11
2299,珑,11
2300,粱,11
2301,诞,11
2302,黹,11
2303,津,11
2304,孟,11
2305,锭,11
2306,科,11
2307,胧,11
2308,逆,11
2309,恃,11
2310,柏,11
2311,晾,11
2312,堤,11
2313,橱,11
2314,踱,11
2315,协,11
2316,踹,11
2317,藻,11
2318,榜,11
2319,柄,11
2320,伦,11
2321,芭,11
2322,肢,11
2323,侵,11
2324,匀,11
2325,袍,11
2326,划,10
2327,淋,10
2328,跨,10
2329,缨,10
2330,哑,10
2331,港,10
2332,喳,10
2333,滥,10
2334,镌,10
2335,捞,10
2336,簌,10
2337,蓑,10
2338,糟,10
2339,斑,10
2340,棵,10
2341,颇,10
2342,袅,10
2343,梯,10
2344,驰,10
2345,征,10
2346,俯,10
2347,研,10
2348,涎,10
2349,陷,10
2350,璜,10
2351,蹬,10
2352,侬,10
2353,轰,10
2354,茂,10
2355,搓,10
2356,农,10
2357,咭,10
2358,敏,10
2359,肆,10
2360,粒,10
2361,渴,10
2362,谷,10
2363,窄,10
2364,痨,10
2365,努,10
2366,蝇,10
2367,皂,10
2368,熨,10
2369,滋,10
2370,昌,10
2371,耻,10
2372,牢,10
2373,蛇,10
2374,简,10
2375,栗,10
2376,杌,10
2377,躬,10
2378,诺,10
2379,迸,10
2380,畸,10
2381,捐,10
2382,嘁,10
2383,斩,10
2384,烹,10
2385,弓,10
2386,甬,10
2387,健,10
2388,瞻,10
2389,癞,10
2390,拷,10
2391,仿,10
2392,椒,10
2393,鸿,10
2394,譬,10
2395,饽,10
2396,锋,10
2397,凰,10
2398,爪,10
2399,厉,10
2400,蜜,10
2401,凹,10
2402,琮,10
2403,洪,10
2404,谬,10
2405,互,10
2406,浸,10
2407,菌,10
2408,貂,10
2409,恹,10
2410,纺,10
2411,昧,10
2412,胃,10
2413,莹,10
2414,窃,10
2415,网,10
2416,撰,9
2417,凸,9
2418,需,9
2419,篦,9
2420,蚊,9
2421,腐,9
2422,晒,9
2423,喧,9
2424,淹,9
2425,召,9
2426,绒,9
2427,颓,9
2428,祷,9
2429,抵,9
2430,瑶,9
2431,咛,9
2432,谙,9
2433,犬,9
2434,衫,9
2435,陇,9
2436,荇,9
2437,肖,9
2438,渍,9
2439,蒂,9
2440,仕,9
2441,迈,9
2442,伊,9
2443,肋,9
2444,邻,9
2445,蹑,9
2446,窍,9
2447,淌,9
2448,錾,9
2449,晃,9
2450,嫦,9
2451,秤,9
2452,篮,9
2453,艺,9
2454,咸,9
2455,掳,9
2456,锅,9
2457,岳,9
2458,饬,9
2459,撺,9
2460,玷,9
2461,蓄,9
2462,倩,9
2463,蹙,9
2464,聋,9
2465,霍,9
2466,衬,9
2467,畜,9
2468,炎,9
2469,拢,9
2470,拙,9
2471,攥,9
2472,沫,9
2473,陶,9
2474,辨,9
2475,爆,9
2476,酿,9
2477,澡,9
2478,喂,9
2479,慧,9
2480,漂,9
2481,镂,9
2482,冢,9
2483,荼,9
2484,尉,9
2485,贬,8
2486,瓢,8
2487,惺,8
2488,嗟,8
2489,崩,8
2490,骄,8
2491,庸,8
2492,奚,8
2493,觑,8
2494,芋,8
2495,育,8
2496,渺,8
2497,栖,8
2498,诓,8
2499,芷,8
2500,潮,8
2501,辖,8
2502,聒,8
2503,踩,8
2504,竭,8
2505,拽,8
2506,忏,8
2507,铞,8
2508,魇,8
2509,笨,8
2510,酪,8
2511,雄,8
2512,螫,8
2513,荤,8
2514,虾,8
2515,损,8
2516,锡,8
2517,莽,8
2518,箩,8
2519,粪,8
2520,戌,8
2521,削,8
2522,饯,8
2523,雏,8
2524,婷,8
2525,贡,8
2526,蝎,8
2527,唯,8
2528,颂,8
2529,邦,8
2530,蝈,8
2531,澄,8
2532,咂,8
2533,裕,8
2534,榔,8
2535,怅,8
2536,楠,8
2537,坚,8
2538,窥,8
2539,楷,8
2540,嘘,8
2541,韶,8
2542,傲,8
2543,誊,8
2544,趋,8
2545,睹,8
2546,夙,8
2547,丘,8
2548,勘,8
2549,篓,8
2550,潘,8
2551,桑,8
2552,幡,8
2553,畅,8
2554,粳,8
2555,敞,8
2556,废,8
2557,馋,8
2558,翼,8
2559,翰,8
2560,辫,8
2561,稽,8
2562,翅,8
2563,涉,8
2564,吱,8
2565,盈,8
2566,顷,8
2567,徇,8
2568,恤,8
2569,腕,8
2570,滞,8
2571,帛,8
2572,溆,8
2573,萎,8
2574,俟,8
2575,刮,8
2576,绉,8
2577,练,8
2578,凳,8
2579,腼,8
2580,铃,8
2581,陛,8
2582,掰,8
2583,妩,8
2584,秘,8
2585,税,8
2586,蝴,8
2587,灿,8
2588,垣,8
2589,缉,8
2590,榴,8
2591,炷,8
2592,槟,7
2593,唿,7
2594,旬,7
2595,酣,7
2596,绅,7
2597,患,7
2598,婳,7
2599,囔,7
2600,季,7
2601,焕,7
2602,殒,7
2603,皿,7
2604,槐,7
2605,讯,7
2606,琵,7
2607,瑛,7
2608,狸,7
2609,趔,7
2610,芒,7
2611,郊,7
2612,鞍,7
2613,凌,7
2614,誉,7
2615,酱,7
2616,蹈,7
2617,技,7
2618,腆,7
2619,娜,7
2620,介,7
2621,蠹,7
2622,挖,7
2623,芬,7
2624,溉,7
2625,淅,7
2626,驮,7
2627,授,7
2628,渥,7
2629,囚,7
2630,敝,7
2631,匆,7
2632,确,7
2633,盟,7
2634,葵,7
2635,掂,7
2636,挫,7
2637,焰,7
2638,慨,7
2639,卫,7
2640,哗,7
2641,趄,7
2642,窟,7
2643,塘,7
2644,砂,7
2645,崇,7
2646,悼,7
2647,湖,7
2648,憨,7
2649,攮,7
2650,浣,7
2651,剖,7
2652,姽,7
2653,舜,7
2654,陋,7
2655,霄,7
2656,褒,7
2657,娄,7
2658,纯,7
2659,骘,7
2660,殴,7
2661,蹭,7
2662,抑,7
2663,骡,7
2664,疗,7
2665,绍,7
2666,捷,7
2667,森,7
2668,飒,7
2669,嫡,7
2670,囟,7
2671,跤,7
2672,翔,7
2673,琶,7
2674,偕,7
2675,裂,7
2676,擎,7
2677,笙,7
2678,浩,7
2679,瓮,7
2680,坞,7
2681,哉,7
2682,砖,7
2683,倏,7
2684,桩,6
2685,剿,6
2686,戥,6
2687,狱,6
2688,维,6
2689,肴,6
2690,耿,6
2691,娟,6
2692,捕,6
2693,擂,6
2694,菖,6
2695,巳,6
2696,愦,6
2697,枣,6
2698,龟,6
2699,恣,6
2700,膊,6
2701,嬉,6
2702,缟,6
2703,愠,6
2704,薜,6
2705,疮,6
2706,篆,6
2707,逊,6
2708,徘,6
2709,迂,6
2710,磴,6
2711,懦,6
2712,尿,6
2713,萦,6
2714,彻,6
2715,筷,6
2716,剌,6
2717,删,6
2718,鹉,6
2719,杠,6
2720,惰,6
2721,范,6
2722,迤,6
2723,尧,6
2724,桶,6
2725,羔,6
2726,涩,6
2727,啷,6
2728,哇,6
2729,咯,6
2730,仓,6
2731,乜,6
2732,螭,6
2733,矛,6
2734,闸,6
2735,婉,6
2736,页,6
2737,剃,6
2738,赫,6
2739,豫,6
2740,谆,6
2741,倭,6
2742,煤,6
2743,筏,6
2744,硌,6
2745,枪,6
2746,奄,6
2747,褶,6
2748,冗,6
2749,虞,6
2750,览,6
2751,扁,6
2752,煮,6
2753,膳,6
2754,盾,6
2755,秽,6
2756,啕,6
2757,嗓,6
2758,队,6
2759,罐,6
2760,普,6
2761,砍,6
2762,锣,6
2763,夷,6
2764,缱,6
2765,矾,6
2766,贩,6
2767,球,6
2768,泽,6
2769,棉,6
2770,绻,6
2771,逶,6
2772,谑,6
2773,诈,6
2774,踌,6
2775,髓,6
2776,敌,6
2777,诘,6
2778,泊,6
2779,枷,6
2780,玛,6
2781,仅,6
2782,艾,6
2783,笸,6
2784,冉,6
2785,策,6
2786,缚,6
2787,瑙,6
2788,沥,6
2789,眸,6
2790,琅,6
2791,核,6
2792,淑,6
2793,灶,6
2794,甸,6
2795,僵,6
2796,渚,6
2797,墓,6
2798,旌,6
2799,跛,6
2800,康,6
2801,诽,6
2802,汁,6
2803,徊,6
2804,榆,6
2805,狮,6
2806,揎,6
2807,赁,5
2808,沽,5
2809,箴,5
2810,脏,5
2811,廉,5
2812,挠,5
2813,吧,5
2814,雾,5
2815,梧,5
2816,萱,5
2817,冥,5
2818,狲,5
2819,卉,5
2820,黎,5
2821,俺,5
2822,阄,5
2823,估,5
2824,厕,5
2825,贯,5
2826,佯,5
2827,娲,5
2828,羁,5
2829,肌,5
2830,迅,5
2831,坦,5
2832,兹,5
2833,叱,5
2834,牲,5
2835,砒,5
2836,烤,5
2837,舔,5
2838,靥,5
2839,攀,5
2840,唾,5
2841,绎,5
2842,邸,5
2843,莉,5
2844,励,5
2845,屐,5
2846,俄,5
2847,喻,5
2848,箕,5
2849,寥,5
2850,翡,5
2851,醺,5
2852,醮,5
2853,禽,5
2854,蔽,5
2855,妪,5
2856,钵,5
2857,臻,5
2858,洼,5
2859,绽,5
2860,谊,5
2861,嫔,5
2862,堕,5
2863,痊,5
2864,寐,5
2865,械,5
2866,闱,5
2867,潦,5
2868,砧,5
2869,箍,5
2870,赊,5
2871,擒,5
2872,酉,5
2873,埃,5
2874,噙,5
2875,驼,5
2876,鲁,5
2877,融,5
2878,臾,5
2879,嫣,5
2880,篙,5
2881,敕,5
2882,档,5
2883,叛,5
2884,遁,5
2885,噪,5
2886,贞,5
2887,簿,5
2888,级,5
2889,茉,5
2890,炖,5
2891,抠,5
2892,构,5
2893,洽,5
2894,榛,5
2895,羹,5
2896,蘸,5
2897,涌,5
2898,芝,5
2899,酷,5
2900,尹,5
2901,睬,5
2902,讽,5
2903,挟,5
2904,纲,5
2905,诛,5
2906,均,5
2907,沟,5
2908,灼,5
2909,孰,5
2910,骇,5
2911,振,5
2912,钮,5
2913,癖,5
2914,栋,5
2915,厥,5
2916,讶,5
2917,靖,5
2918,靶,5
2919,笏,5
2920,苗,5
2921,脊,5
2922,拱,5
2923,碑,5
2924,党,5
2925,屎,5
2926,皓,5
2927,飕,5
2928,诏,5
2929,翎,5
2930,饱,5
2931,墩,5
2932,饧,5
2933,躇,5
2934,劣,5
2935,电,5
2936,脯,5
2937,壑,5
2938,馥,5
2939,壳,5
2940,诔,5
2941,绩,5
2942,罔,5
2943,捡,5
2944,阮,5
2945,肘,5
2946,瓤,5
2947,蛆,4
2948,帷,4
2949,哎,4
2950,苑,4
2951,尬,4
2952,著,4
2953,鹊,4
2954,毯,4
2955,槎,4
2956,贷,4
2957,莱,4
2958,嘈,4
2959,匿,4
2960,匪,4
2961,朴,4
2962,捻,4
2963,壅,4
2964,舛,4
2965,斛,4
2966,腋,4
2967,镫,4
2968,迢,4
2969,幌,4
2970,呦,4
2971,朔,4
2972,胁,4
2973,培,4
2974,匝,4
2975,虐,4
2976,槌,4
2977,诡,4
2978,仵,4
2979,钝,4
2980,刎,4
2981,哆,4
2982,陡,4
2983,闩,4
2984,炙,4
2985,沸,4
2986,乾,4
2987,川,4
2988,巢,4
2989,螯,4
2990,韩,4
2991,烁,4
2992,洛,4
2993,悍,4
2994,暄,4
2995,墀,4
2996,驸,4
2997,尴,4
2998,亵,4
2999,幢,4
3000,懊,4
3001,穆,4
3002,晋,4
3003,蜀,4
3004,订,4
3005,卑,4
3006,蝗,4
3007,枳,4
3008,枫,4
3009,宰,4
3010,胖,4
3011,妍,4
3012,膻,4
3013,暹,4
3014,嗣,4
3015,氅,4
3016,袂,4
3017,萤,4
3018,楞,4
3019,昆,4
3020,觞,4
3021,郑,4
3022,刷,4
3023,呻,4
3024,恸,4
3025,汀,4
3026,凫,4
3027,辅,4
3028,衷,4
3029,予,4
3030,侠,4
3031,翩,4
3032,巨,4
3033,猿,4
3034,阗,4
3035,鹑,4
3036,晰,4
3037,芥,4
3038,沼,4
3039,颊,4
3040,戈,4
3041,苛,4
3042,涵,4
3043,颖,4
3044,卤,4
3045,阑,4
3046,鲸,4
3047,鳅,4
3048,滩,4
3049,摄,4
3050,仃,4
3051,仄,4
3052,仲,4
3053,峨,4
3054,纂,4
3055,伐,4
3056,豹,4
3057,糙,4
3058,澌,4
3059,摧,4
3060,督,4
3061,缮,4
3062,捺,4
3063,桓,4
3064,贮,4
3065,迥,4
3066,频,4
3067,髻,4
3068,啬,4
3069,鸹,4
3070,銮,4
3071,循,4
3072,瞟,4
3073,孀,4
3074,浆,4
3075,坤,4
3076,轴,4
3077,珐,4
3078,蛩,4
3079,鹰,4
3080,讼,4
3081,帑,4
3082,谒,4
3083,谶,4
3084,枚,4
3085,禧,4
3086,诲,4
3087,骚,4
3088,麈,4
3089,眈,4
3090,宪,4
3091,襄,4
3092,鳖,4
3093,噜,3
3094,浦,3
3095,剐,3
3096,鹌,3
3097,舐,3
3098,氤,3
3099,徐,3
3100,渔,3
3101,氲,3
3102,徽,3
3103,诙,3
3104,瑟,3
3105,柢,3
3106,躯,3
3107,孕,3
3108,唏,3
3109,湫,3
3110,穴,3
3111,援,3
3112,窿,3
3113,跹,3
3114,怂,3
3115,掠,3
3116,逍,3
3117,霭,3
3118,筑,3
3119,琢,3
3120,阙,3
3121,挲,3
3122,裱,3
3123,岭,3
3124,裔,3
3125,蝠,3
3126,琉,3
3127,霁,3
3128,徨,3
3129,锵,3
3130,俸,3
3131,渣,3
3132,碣,3
3133,煽,3
3134,悴,3
3135,庐,3
3136,帏,3
3137,疔,3
3138,鞘,3
3139,憎,3
3140,控,3
3141,轨,3
3142,奋,3
3143,殉,3
3144,敦,3
3145,墅,3
3146,券,3
3147,呕,3
3148,札,3
3149,诬,3
3150,烬,3
3151,笤,3
3152,蹶,3
3153,恬,3
3154,珊,3
3155,诼,3
3156,稚,3
3157,耸,3
3158,咤,3
3159,朽,3
3160,漕,3
3161,蹰,3
3162,瘸,3
3163,虱,3
3164,獐,3
3165,沈,3
3166,谐,3
3167,哩,3
3168,冀,3
3169,绞,3
3170,脆,3
3171,绺,3
3172,聆,3
3173,憔,3
3174,樨,3
3175,恿,3
3176,铿,3
3177,捎,3
3178,嫉,3
3179,隶,3
3180,茔,3
3181,眩,3
3182,辘,3
3183,餐,3
3184,欧,3
3185,锻,3
3186,纡,3
3187,寰,3
3188,闯,3
3189,菲,3
3190,梗,3
3191,簟,3
3192,颧,3
3193,湍,3
3194,耕,3
3195,跃,3
3196,啖,3
3197,笞,3
3198,憾,3
3199,骆,3
3200,阕,3
3201,脐,3
3202,涯,3
3203,啻,3
3204,僭,3
3205,崖,3
3206,衡,3
3207,竣,3
3208,惬,3
3209,沤,3
3210,竞,3
3211,创,3
3212,婵,3
3213,宸,3
3214,砾,3
3215,桔,3
3216,瞬,3
3217,拮,3
3218,磬,3
3219,踉,3
3220,矜,3
3221,殁,3
3222,蚂,3
3223,愤,3
3224,噗,3
3225,宏,3
3226,癣,3
3227,浙,3
3228,屑,3
3229,窘,3
3230,坳,3
3231,涸,3
3232,柚,3
3233,窜,3
3234,馅,3
3235,瘟,3
3236,扛,3
3237,诮,3
3238,拒,3
3239,亥,3
3240,猖,3
3241,刨,3
3242,棘,3
3243,稼,3
3244,帔,3
3245,勿,3
3246,辟,3
3247,旱,3
3248,扳,3
3249,嚏,3
3250,撅,3
3251,樱,3
3252,戕,3
3253,跄,3
3254,柯,3
3255,湃,3
3256,震,3
3257,嗄,3
3258,梆,3
3259,诟,3
3260,昂,3
3261,绾,3
3262,瑕,3
3263,畦,3
3264,婪,3
3265,娴,3
3266,髅,3
3267,璧,3
3268,嗡,3
3269,骷,3
3270,逾,3
3271,搐,3
3272,糜,3
3273,汇,3
3274,筛,3
3275,卒,3
3276,茎,3
3277,掘,3
3278,梓,3
3279,靓,3
3280,衍,3
3281,悚,3
3282,署,3
3283,燎,3
3284,慵,3
3285,雌,3
3286,辔,3
3287,骤,3
3288,猢,3
3289,诱,3
3290,谲,3
3291,谵,2
3292,皑,2
3293,爨,2
3294,泠,2
3295,喃,2
3296,忱,2
3297,伽,2
3298,蹁,2
3299,液,2
3300,蛮,2
3301,蔻,2
3302,拇,2
3303,蟋,2
3304,邙,2
3305,冽,2
3306,郭,2
3307,湮,2
3308,酽,2
3309,亘,2
3310,纛,2
3311,荏,2
3312,薪,2
3313,泯,2
3314,沦,2
3315,膨,2
3316,铭,2
3317,慷,2
3318,赛,2
3319,溅,2
3320,栉,2
3321,烙,2
3322,型,2
3323,搔,2
3324,蠡,2
3325,暧,2
3326,址,2
3327,穹,2
3328,宛,2
3329,抗,2
3330,怖,2
3331,淇,2
3332,嵩,2
3333,芽,2
3334,苞,2
3335,胫,2
3336,枰,2
3337,椿,2
3338,狎,2
3339,皎,2
3340,黧,2
3341,弋,2
3342,猾,2
3343,蚁,2
3344,钤,2
3345,觌,2
3346,椟,2
3347,蔓,2
3348,灸,2
3349,甩,2
3350,彝,2
3351,啸,2
3352,肷,2
3353,瓠,2
3354,睢,2
3355,酗,2
3356,缈,2
3357,狰,2
3358,葭,2
3359,咙,2
3360,糯,2
3361,鹭,2
3362,肓,2
3363,渠,2
3364,彭,2
3365,蚌,2
3366,贿,2
3367,刹,2
3368,蒜,2
3369,娣,2
3370,诳,2
3371,瞥,2
3372,铅,2
3373,杓,2
3374,枢,2
3375,饵,2
3376,狞,2
3377,纶,2
3378,蕴,2
3379,恙,2
3380,麦,2
3381,讥,2
3382,祈,2
3383,咻,2
3384,昵,2
3385,谇,2
3386,谗,2
3387,倔,2
3388,禹,2
3389,蟀,2
3390,奥,2
3391,帆,2
3392,缴,2
3393,迫,2
3394,摊,2
3395,厄,2
3396,墟,2
3397,侈,2
3398,犀,2
3399,璎,2
3400,滔,2
3401,埘,2
3402,驻,2
3403,雉,2
3404,鹄,2
3405,谥,2
3406,欹,2
3407,爰,2
3408,箧,2
3409,潭,2
3410,殃,2
3411,藐,2
3412,姆,2
3413,懈,2
3414,扪,2
3415,颈,2
3416,妓,2
3417,轳,2
3418,屠,2
3419,纣,2
3420,缤,2
3421,殄,2
3422,隽,2
3423,桧,2
3424,跷,2
3425,麾,2
3426,鲞,2
3427,渎,2
3428,襁,2
3429,啾,2
3430,嫱,2
3431,颁,2
3432,阊,2
3433,怦,2
3434,牍,2
3435,喋,2
3436,踟,2
3437,陌,2
3438,杉,2
3439,祚,2
3440,棕,2
3441,潺,2
3442,淖,2
3443,贸,2
3444,弑,2
3445,獗,2
3446,歉,2
3447,纬,2
3448,衢,2
3449,嗜,2
3450,彷,2
3451,趸,2
3452,夔,2
3453,谖,2
3454,侮,2
3455,锤,2
3456,伟,2
3457,蔺,2
3458,嵇,2
3459,翥,2
3460,佣,2
3461,蘼,2
3462,膈,2
3463,唰,2
3464,陟,2
3465,舫,2
3466,珩,2
3467,赈,2
3468,栩,2
3469,猞,2
3470,它,2
3471,鳌,2
3472,簧,2
3473,噔,2
3474,塔,2
3475,阐,2
3476,蕤,2
3477,劾,2
3478,霉,2
3479,恻,2
3480,溢,2
3481,靡,2
3482,窠,2
3483,嘎,2
3484,琛,2
3485,胳,2
3486,碜,2
3487,歧,2
3488,秃,2
3489,悯,2
3490,撼,2
3491,噭,2
3492,馁,2
3493,搏,2
3494,涛,2
3495,虬,2
3496,炬,2
3497,槁,2
3498,琳,2
3499,罘,2
3500,臼,2
3501,臀,2
3502,铙,2
3503,汲,2
3504,檠,2
3505,惓,2
3506,媛,2
3507,蛙,2
3508,瞽,2
3509,轸,2
3510,丙,2
3511,庾,2
3512,搴,2
3513,粼,2
3514,迩,2
3515,傧,2
3516,淳,2
3517,楹,2
3518,诨,2
3519,垛,2
3520,旄,2
3521,忝,2
3522,樊,2
3523,蓍,2
3524,匡,2
3525,葡,2
3526,蝙,2
3527,趾,2
3528,冶,2
3529,舱,2
3530,沓,2
3531,娆,2
3532,炳,2
3533,湾,2
3534,吸,2
3535,炯,2
3536,淮,2
3537,馈,2
3538,鸠,2
3539,燥,2
3540,杭,2
3541,瑚,2
3542,杰,2
3543,煨,2
3544,迄,2
3545,栅,2
3546,橄,2
3547,蛾,2
3548,猁,2
3549,凛,2
3550,斧,2
3551,哨,2
3552,嶂,2
3553,圭,2
3554,腑,2
3555,萄,2
3556,份,2
3557,簸,2
3558,辗,2
3559,浴,2
3560,佚,2
3561,惋,2
3562,褓,2
3563,缥,2
3564,桨,2
3565,驴,2
3566,宠,2
3567,嫖,2
3568,籁,2
3569,潸,2
3570,伫,2
3571,葩,2
3572,锯,2
3573,筅,2
3574,牖,2
3575,幄,2
3576,诋,2
3577,飨,2
3578,苒,2
3579,帜,2
3580,丞,2
3581,杳,2
3582,峻,2
3583,蛤,2
3584,趱,2
3585,瘀,2
3586,苕,2
3587,攸,2
3588,縠,2
3589,缁,2
3590,呷,2
3591,楣,2
3592,猗,2
3593,楫,2
3594,隋,2
3595,旅,2
3596,丐,2
3597,踊,2
3598,拼,2
3599,唼,2
3600,俦,2
3601,缢,2
3602,裢,2
3603,溶,2
3604,碴,2
3605,觥,2
3606,榄,2
3607,攘,2
3608,赭,2
3609,吝,2
3610,獭,2
3611,惕,2
3612,呛,2
3613,镀,2
3614,植,2
3615,谛,2
3616,崔,2
3617,婺,2
3618,芰,1
3619,竽,1
3620,曦,1
3621,综,1
3622,趺,1
3623,蔡,1
3624,晏,1
3625,朕,1
3626,醐,1
3627,玳,1
3628,梵,1
3629,嗅,1
3630,蚱,1
3631,呲,1
3632,熄,1
3633,叽,1
3634,贻,1
3635,斓,1
3636,飧,1
3637,槿,1
3638,餮,1
3639,媪,1
3640,畀,1
3641,轼,1
3642,彪,1
3643,梏,1
3644,阃,1
3645,泰,1
3646,茁,1
3647,黾,1
3648,洄,1
3649,曼,1
3650,隅,1
3651,胥,1
3652,麋,1
3653,跖,1
3654,跸,1
3655,癍,1
3656,斫,1
3657,骸,1
3658,蟆,1
3659,吼,1
3660,颔,1
3661,鼋,1
3662,铢,1
3663,熊,1
3664,吒,1
3665,濒,1
3666,樗,1
3667,詖,1
3668,犄,1
3669,膺,1
3670,囹,1
3671,滇,1
3672,羯,1
3673,聂,1
3674,捍,1
3675,嗷,1
3676,厘,1
3677,邃,1
3678,睚,1
3679,秧,1
3680,濡,1
3681,戾,1
3682,诣,1
3683,肮,1
3684,樾,1
3685,牟,1
3686,鞑,1
3687,笆,1
3688,鼾,1
3689,钿,1
3690,媾,1
3691,鹞,1
3692,狄,1
3693,逅,1
3694,汞,1
3695,颡,1
3696,跋,1
3697,磷,1
3698,虹,1
3699,佐,1
3700,燹,1
3701,剧,1
3702,询,1
3703,晖,1
3704,黍,1
3705,鸥,1
3706,柬,1
3707,锱,1
3708,邂,1
3709,蜃,1
3710,睿,1
3711,购,1
3712,疵,1
3713,厂,1
3714,甍,1
3715,苟,1
3716,龛,1
3717,瑁,1
3718,汰,1
3719,霆,1
3720,岩,1
3721,薷,1
3722,峒,1
3723,巅,1
3724,韭,1
3725,韫,1
3726,陔,1
3727,虿,1
3728,黉,1
3729,讣,1
3730,彰,1
3731,鸪,1
3732,姹,1
3733,脓,1
3734,堡,1
3735,弈,1
3736,蓦,1
3737,轫,1
3738,蒹,1
3739,盔,1
3740,嬗,1
3741,坍,1
3742,谪,1
3743,殚,1
3744,畤,1
3745,募,1
3746,颟,1
3747,戗,1
3748,觚,1
3749,餍,1
3750,圊,1
3751,峭,1
3752,炊,1
3753,燔,1
3754,鞫,1
3755,衅,1
3756,侪,1
3757,厝,1
3758,惆,1
3759,衲,1
3760,锥,1
3761,匏,1
3762,醍,1
3763,鲲,1
3764,妤,1
3765,噫,1
3766,濯,1
3767,芎,1
3768,锢,1
3769,镟,1
3770,褛,1
3771,唪,1
3772,鲟,1
3773,萃,1
3774,酹,1
3775,荑,1
3776,扒,1
3777,燃,1
3778,觐,1
3779,壤,1
3780,曷,1
3781,彘,1
3782,嫠,1
3783,绑,1
3784,鹘,1
3785,勖,1
3786,洇,1
3787,芟,1
3788,区,1
3789,晤,1
3790,啃,1
3791,氇,1
3792,谴,1
3793,莳,1
3794,蹇,1
3795,紊,1
3796,遏,1
3797,杷,1
3798,飚,1
3799,铊,1
3800,眦,1
3801,糠,1
3802,縻,1
3803,遨,1
3804,姣,1
3805,衿,1
3806,欷,1
3807,苹,1
3808,篁,1
3809,鹥,1
3810,凯,1
3811,缡,1
3812,羌,1
3813,稔,1
3814,抡,1
3815,穸,1
3816,涤,1
3817,牝,1
3818,岛,1
3819,雠,1
3820,骊,1
3821,喀,1
3822,蘩,1
3823,徭,1
3824,奎,1
3825,醴,1
3826,祛,1
3827,欤,1
3828,蛊,1
3829,嵬,1
3830,拓,1
3831,俾,1
3832,逻,1
3833,锹,1
3834,狡,1
3835,肤,1
3836,漩,1
3837,稠,1
3838,唣,1
3839,赧,1
3840,阜,1
3841,憋,1
3842,啄,1
3843,堑,1
3844,惫,1
3845,霓,1
3846,俨,1
3847,戮,1
3848,膛,1
3849,嘶,1
3850,竦,1
3851,戟,1
3852,溽,1
3853,嵘,1
3854,皤,1
3855,叵,1
3856,顸,1
3857,蛟,1
3858,饲,1
3859,葳,1
3860,圄,1
3861,绷,1
3862,坷,1
3863,釜,1
3864,驯,1
3865,榧,1
3866,虼,1
3867,纠,1
3868,醽,1
3869,茏,1
3870,耆,1
3871,醑,1
3872,椁,1
3873,谚,1
3874,黜,1
3875,髯,1
3876,闽,1
3877,饕,1
3878,藓,1
3879,跏,1
3880,哔,1
3881,蹋,1
3882,佻,1
3883,愕,1
3884,郝,1
3885,溯,1
3886,航,1
3887,谯,1
3888,碾,1
3889,蔼,1
3890,耙,1
3891,稗,1
3892,鳷,1
3893,徉,1
3894,狺,1
3895,贽,1
3896,萼,1
3897,茧,1
3898,括,1
3899,缪,1
3900,繇,1
3901,届,1
3902,擢,1
3903,柘,1
3904,姥,1
3905,亢,1
3906,棹,1
3907,蓁,1
3908,蚤,1
3909,珰,1
3910,疹,1
3911,葆,1
3912,呤,1
3913,轲,1
3914,鳇,1
3915,雹,1
3916,凋,1
3917,缭,1
3918,顑,1
3919,弼,1
3920,阆,1
3921,泞,1
3922,娑,1
3923,僚,1
3924,拯,1
3925,箷,1
3926,祧,1
3927,豕,1
3928,骢,1
3929,瓯,1
3930,垢,1
3931,莼,1
3932,藉,1
3933,曳,1
3934,蚓,1
3935,筼,1
3936,侥,1
3937,睇,1
3938,謑,1
3939,栎,1
3940,垦,1
3941,狈,1
3942,漠,1
3943,蛛,1
3944,播,1
3945,鸩,1
3946,箪,1
3947,挞,1
3948,黥,1
3949,卓,1
3950,蠓,1
3951,獠,1
3952,塍,1
3953,铛,1
3954,逵,1
3955,讴,1
3956,粤,1
3957,瘢,1
3958,宓,1
3959,毓,1
3960,瞳,1
3961,驿,1
3962,伍,1
3963,弛,1
3964,洱,1
3965,羸,1
3966,戍,1
3967,禾,1
3968,俩,1
3969,邑,1
3970,跣,1
3971,缆,1
3972,渌,1
3973,猬,1
3974,岚,1
3975,蜒,1
3976,偃,1
3977,篾,1
3978,颐,1
3979,裾,1
3980,巫,1
3981,殂,1
3982,饺,1
3983,沌,1
3984,鸷,1
3985,罬,1
3986,翘,1
3987,笄,1
3988,组,1
3989,粽,1
3990,靛,1
3991,杩,1
3992,灞,1
3993,媖,1
3994,橙,1
3995,勃,1
3996,窀,1
3997,祺,1
3998,侃,1
3999,螂,1
4000,蜮,1
4001,桎,1
4002,矶,1
4003,寤,1
4004,蛏,1
4005,砭,1
4006,阖,1
4007,弘,1
4008,骥,1
4009,镗,1
4010,宕,1
4011,幛,1
4012,潼,1
4013,霾,1
4014,薋,1
4015,豇,1
4016,愆,1
4017,觎,1
4018,婕,1
4019,框,1
4020,逮,1
4021,葺,1
4022,蒿,1
4023,樵,1
4024,搡,1
4025,圹,1
4026,馑,1
4027,皴,1
4028,藜,1
4029,毙,1
4030,雳,1
4031,疤,1
4032,翊,1
4033,茑,1
4034,纫,1
4035,剁,1
4036,轧,1
4037,漓,1
4038,鹧,1
4039,狍,1
4040,鲔,1
4041,隍,1
4042,吕,1
4043,鲫,1
4044,颏,1
4045,霖,1
4046,孺,1
4047,莠,1
4048,黼,1
4049,簠,1
4050,驹,1
4051,涅,1
4052,菁,1
4053,曩,1
4054,鸽,1
4055,芪,1
4056,霹,1
4057,鳞,1
4058,揩,1
4059,罄,1
4060,瘫,1
4061,悫,1
4062,恺,1
4063,枇,1
4064,鹜,1
4065,茹,1
4066,斝,1
4067,菇,1
4068,槔,1
4069,绘,1
4070,徵,1
4071,撬,1
4072,脍,1
4073,觊,1
4074,忤,1
4075,遐,1
4076,奕,1
4077,铄,1
4078,唳,1
4079,澎,1
4080,噤,1
4081,诎,1
4082,痘,1
4083,玑,1
4084,矫,1
4085,辍,1
4086,敔,1
4087,版,1
4088,觯,1
4089,舂,1
4090,渭,1
4091,娈,1
4092,荻,1
4093,柁,1
4094,愍,1
4095,彀,1
4096,笃,1
4097,觇,1
4098,桡,1
4099,揆,1
4100,撸,1
4101,眺,1
4102,溃,1
4103,垤,1
4104,橼,1
4105,樽,1
4106,羼,1
4107,馗,1
4108,逋,1
4109,乔,1
4110,箦,1
4111,潢,1
4112,帼,1
4113,嗦,1
4114,蘑,1
4115,岑,1
4116,陨,1
4117,穑,1
4118,姝,1
4119,揲,1
4120,辙,1
4121,讫,1
4122,戎,1
4123,咨,1
4124,蚰,1
4125,宥,1
4126,醢,1
4127,韦,1
4128,桀,1
4129,摹,1
4130,蚩,1
4131,滓,1
4132,茆,1
4133,歔,1
4134,殆,1
4135,黻,1
4136,楸,1
4137,衄,1
4138,鉏,1
4139,熔,1
4140,倡,1
4141,荚,1
4142,杪,1
4143,稂,1
4144,掬,1
4145,峥,1
4146,铲,1
4147,锨,1
4148,氆,1
4149,箬,1
4150,羲,1
4151,淤,1
4152,钹,1
4153,辕,1
4154,熳,1
4155,馊,1
4156,醁,1
4157,卵,1
4158,邓,1
4159,矢,1
4160,溘,1
4161,钢,1
4162,鄂,1
4163,畿,1
4164,玺,1
4165,筜,1
4166,椽,1
4167,蹦,1
4168,饫,1
4169,娃,1
4170,缯,1
4171,泾,1
4172,疲,1
4173,涝,1
4174,壬,1
4175,茝,1
4176,垒,1
4177,褴,1
4178,蔚,1
4179,珞,1
4180,邬,1
